"index","date","value"
"SP",2015-12-24,2060.98999
"SP",2015-12-23,2064.290039
"SP",2015-12-22,2038.969971
"SP",2015-12-21,2021.150024
"SP",2015-12-18,2005.550049
"SP",2015-12-17,2041.890015
"SP",2015-12-16,2073.070068
"SP",2015-12-15,2043.410034
"SP",2015-12-14,2021.939941
"SP",2015-12-11,2012.369995
"SP",2015-12-10,2052.22998
"SP",2015-12-09,2047.619995
"SP",2015-12-08,2063.590088
"SP",2015-12-07,2077.070068
"SP",2015-12-04,2091.689941
"SP",2015-12-03,2049.620117
"SP",2015-12-02,2079.51001
"SP",2015-12-01,2102.629883
"SP",2015-11-30,2080.409912
"SP",2015-11-27,2090.110107
"SP",2015-11-25,2088.870117
"SP",2015-11-24,2089.139893
"SP",2015-11-23,2086.590088
"SP",2015-11-20,2089.169922
"SP",2015-11-19,2081.23999
"SP",2015-11-18,2083.580078
"SP",2015-11-17,2050.439941
"SP",2015-11-16,2053.189941
"SP",2015-11-13,2023.040039
"SP",2015-11-12,2045.969971
"SP",2015-11-11,2075
"SP",2015-11-10,2081.719971
"SP",2015-11-09,2078.580078
"SP",2015-11-06,2099.199951
"SP",2015-11-05,2099.929932
"SP",2015-11-04,2102.310059
"SP",2015-11-03,2109.790039
"SP",2015-11-02,2104.050049
"SP",2015-10-30,2079.360107
"SP",2015-10-29,2089.409912
"SP",2015-10-28,2090.350098
"SP",2015-10-27,2065.889893
"SP",2015-10-26,2071.179932
"SP",2015-10-23,2075.149902
"SP",2015-10-22,2052.51001
"SP",2015-10-21,2018.939941
"SP",2015-10-20,2030.77002
"SP",2015-10-19,2033.660034
"SP",2015-10-16,2033.109985
"SP",2015-10-15,2023.859985
"SP",2015-10-14,1994.23999
"SP",2015-10-13,2003.689941
"SP",2015-10-12,2017.459961
"SP",2015-10-09,2014.890015
"SP",2015-10-08,2013.430054
"SP",2015-10-07,1995.829956
"SP",2015-10-06,1979.920044
"SP",2015-10-05,1987.050049
"SP",2015-10-02,1951.359985
"SP",2015-10-01,1923.819946
"SP",2015-09-30,1920.030029
"SP",2015-09-29,1884.089966
"SP",2015-09-28,1881.77002
"SP",2015-09-25,1931.339966
"SP",2015-09-24,1932.23999
"SP",2015-09-23,1938.76001
"SP",2015-09-22,1942.73999
"SP",2015-09-21,1966.969971
"SP",2015-09-18,1958.030029
"SP",2015-09-17,1990.199951
"SP",2015-09-16,1995.310059
"SP",2015-09-15,1978.089966
"SP",2015-09-14,1953.030029
"SP",2015-09-11,1961.050049
"SP",2015-09-10,1952.290039
"SP",2015-09-09,1942.040039
"SP",2015-09-08,1969.410034
"SP",2015-09-04,1921.219971
"SP",2015-09-03,1951.130005
"SP",2015-09-02,1948.859985
"SP",2015-09-01,1913.849976
"SP",2015-08-31,1972.180054
"SP",2015-08-28,1988.869995
"SP",2015-08-27,1987.660034
"SP",2015-08-26,1940.51001
"SP",2015-08-25,1867.609985
"SP",2015-08-24,1893.209961
"SP",2015-08-21,1970.890015
"SP",2015-08-20,2035.72998
"SP",2015-08-19,2079.610107
"SP",2015-08-18,2096.919922
"SP",2015-08-17,2102.439941
"SP",2015-08-14,2091.540039
"SP",2015-08-13,2083.389893
"SP",2015-08-12,2086.050049
"SP",2015-08-11,2084.070068
"SP",2015-08-10,2104.179932
"SP",2015-08-07,2077.570068
"SP",2015-08-06,2083.560059
"SP",2015-08-05,2099.840088
"SP",2015-08-04,2093.320068
"SP",2015-08-03,2098.040039
"SP",2015-07-31,2103.840088
"SP",2015-07-30,2108.629883
"SP",2015-07-29,2108.570068
"SP",2015-07-28,2093.25
"SP",2015-07-27,2067.639893
"SP",2015-07-24,2079.649902
"SP",2015-07-23,2102.149902
"SP",2015-07-22,2114.149902
"SP",2015-07-21,2119.209961
"SP",2015-07-20,2128.280029
"SP",2015-07-17,2126.639893
"SP",2015-07-16,2124.290039
"SP",2015-07-15,2107.399902
"SP",2015-07-14,2108.949951
"SP",2015-07-13,2099.600098
"SP",2015-07-10,2076.620117
"SP",2015-07-09,2051.310059
"SP",2015-07-08,2046.680054
"SP",2015-07-07,2081.340088
"SP",2015-07-06,2068.76001
"SP",2015-07-02,2076.780029
"SP",2015-07-01,2077.419922
"SP",2015-06-30,2063.110107
"SP",2015-06-29,2057.639893
"SP",2015-06-26,2101.48999
"SP",2015-06-25,2102.310059
"SP",2015-06-24,2108.580078
"SP",2015-06-23,2124.199951
"SP",2015-06-22,2122.850098
"SP",2015-06-19,2109.98999
"SP",2015-06-18,2121.23999
"SP",2015-06-17,2100.439941
"SP",2015-06-16,2096.290039
"SP",2015-06-15,2084.429932
"SP",2015-06-12,2094.110107
"SP",2015-06-11,2108.860107
"SP",2015-06-10,2105.199951
"SP",2015-06-09,2080.149902
"SP",2015-06-08,2079.280029
"SP",2015-06-05,2092.830078
"SP",2015-06-04,2095.840088
"SP",2015-06-03,2114.070068
"SP",2015-06-02,2109.600098
"SP",2015-06-01,2111.72998
"SP",2015-05-29,2107.389893
"SP",2015-05-28,2120.790039
"SP",2015-05-27,2123.47998
"SP",2015-05-26,2104.199951
"SP",2015-05-22,2126.060059
"SP",2015-05-21,2130.820068
"SP",2015-05-20,2125.850098
"SP",2015-05-19,2127.830078
"SP",2015-05-18,2129.199951
"SP",2015-05-15,2122.72998
"SP",2015-05-14,2121.100098
"SP",2015-05-13,2098.47998
"SP",2015-05-12,2099.120117
"SP",2015-05-11,2105.330078
"SP",2015-05-08,2116.100098
"SP",2015-05-07,2088
"SP",2015-05-06,2080.149902
"SP",2015-05-05,2089.459961
"SP",2015-05-04,2114.48999
"SP",2015-05-01,2108.290039
"SP",2015-04-30,2085.51001
"SP",2015-04-29,2106.850098
"SP",2015-04-28,2114.76001
"SP",2015-04-27,2108.919922
"SP",2015-04-24,2117.689941
"SP",2015-04-23,2112.929932
"SP",2015-04-22,2107.959961
"SP",2015-04-21,2097.290039
"SP",2015-04-20,2100.399902
"SP",2015-04-17,2081.179932
"SP",2015-04-16,2104.98999
"SP",2015-04-15,2106.629883
"SP",2015-04-14,2095.840088
"SP",2015-04-13,2092.429932
"SP",2015-04-10,2102.060059
"SP",2015-04-09,2091.179932
"SP",2015-04-08,2081.899902
"SP",2015-04-07,2076.330078
"SP",2015-04-06,2080.620117
"SP",2015-04-02,2066.959961
"SP",2015-04-01,2059.689941
"SP",2015-03-31,2067.889893
"SP",2015-03-30,2086.23999
"SP",2015-03-27,2061.02002
"SP",2015-03-26,2056.149902
"SP",2015-03-25,2061.050049
"SP",2015-03-24,2091.5
"SP",2015-03-23,2104.419922
"SP",2015-03-20,2108.100098
"SP",2015-03-19,2089.27002
"SP",2015-03-18,2099.5
"SP",2015-03-17,2074.280029
"SP",2015-03-16,2081.189941
"SP",2015-03-13,2053.399902
"SP",2015-03-12,2065.949951
"SP",2015-03-11,2040.23999
"SP",2015-03-10,2044.160034
"SP",2015-03-09,2079.429932
"SP",2015-03-06,2071.26001
"SP",2015-03-05,2101.040039
"SP",2015-03-04,2098.530029
"SP",2015-03-03,2107.780029
"SP",2015-03-02,2117.389893
"SP",2015-02-27,2104.5
"SP",2015-02-26,2110.73999
"SP",2015-02-25,2113.860107
"SP",2015-02-24,2115.47998
"SP",2015-02-23,2109.659912
"SP",2015-02-20,2110.300049
"SP",2015-02-19,2097.449951
"SP",2015-02-18,2099.679932
"SP",2015-02-17,2100.340088
"SP",2015-02-13,2096.98999
"SP",2015-02-12,2088.47998
"SP",2015-02-11,2068.530029
"SP",2015-02-10,2068.590088
"SP",2015-02-09,2046.73999
"SP",2015-02-06,2055.469971
"SP",2015-02-05,2062.52002
"SP",2015-02-04,2041.51001
"SP",2015-02-03,2050.030029
"SP",2015-02-02,2020.849976
"SP",2015-01-30,1994.98999
"SP",2015-01-29,2021.25
"SP",2015-01-28,2002.160034
"SP",2015-01-27,2029.550049
"SP",2015-01-26,2057.090088
"SP",2015-01-23,2051.820068
"SP",2015-01-22,2063.149902
"SP",2015-01-21,2032.119995
"SP",2015-01-20,2022.550049
"SP",2015-01-16,2019.420044
"SP",2015-01-15,1992.670044
"SP",2015-01-14,2011.27002
"SP",2015-01-13,2023.030029
"SP",2015-01-12,2028.26001
"SP",2015-01-09,2044.810059
"SP",2015-01-08,2062.139893
"SP",2015-01-07,2025.900024
"SP",2015-01-06,2002.609985
"SP",2015-01-05,2020.579956
"SP",2015-01-02,2058.199951
"SP",2014-12-31,2058.899902
"SP",2014-12-30,2080.350098
"SP",2014-12-29,2090.570068
"SP",2014-12-26,2088.77002
"SP",2014-12-24,2081.879883
"SP",2014-12-23,2082.169922
"SP",2014-12-22,2078.540039
"SP",2014-12-19,2070.649902
"SP",2014-12-18,2061.22998
"SP",2014-12-17,2012.890015
"SP",2014-12-16,1972.73999
"SP",2014-12-15,1989.630005
"SP",2014-12-12,2002.329956
"SP",2014-12-11,2035.329956
"SP",2014-12-10,2026.140015
"SP",2014-12-09,2059.820068
"SP",2014-12-08,2060.310059
"SP",2014-12-05,2075.370117
"SP",2014-12-04,2071.919922
"SP",2014-12-03,2074.330078
"SP",2014-12-02,2066.550049
"SP",2014-12-01,2053.439941
"SP",2014-11-28,2067.560059
"SP",2014-11-26,2072.830078
"SP",2014-11-25,2067.030029
"SP",2014-11-24,2069.409912
"SP",2014-11-21,2063.5
"SP",2014-11-20,2052.75
"SP",2014-11-19,2048.719971
"SP",2014-11-18,2051.800049
"SP",2014-11-17,2041.319946
"SP",2014-11-14,2039.819946
"SP",2014-11-13,2039.329956
"SP",2014-11-12,2038.25
"SP",2014-11-11,2039.680054
"SP",2014-11-10,2038.26001
"SP",2014-11-07,2031.920044
"SP",2014-11-06,2031.209961
"SP",2014-11-05,2023.569946
"SP",2014-11-04,2012.099976
"SP",2014-11-03,2017.810059
"SP",2014-10-31,2018.050049
"SP",2014-10-30,1994.650024
"SP",2014-10-29,1982.300049
"SP",2014-10-28,1985.050049
"SP",2014-10-27,1961.630005
"SP",2014-10-24,1964.579956
"SP",2014-10-23,1950.819946
"SP",2014-10-22,1927.109985
"SP",2014-10-21,1941.280029
"SP",2014-10-20,1904.01001
"SP",2014-10-17,1886.76001
"SP",2014-10-16,1862.76001
"SP",2014-10-15,1862.48999
"SP",2014-10-14,1877.699951
"SP",2014-10-13,1874.73999
"SP",2014-10-10,1906.130005
"SP",2014-10-09,1928.209961
"SP",2014-10-08,1968.890015
"SP",2014-10-07,1935.099976
"SP",2014-10-06,1964.819946
"SP",2014-10-03,1967.900024
"SP",2014-10-02,1946.170044
"SP",2014-10-01,1946.160034
"SP",2014-09-30,1972.290039
"SP",2014-09-29,1977.800049
"SP",2014-09-26,1982.849976
"SP",2014-09-25,1965.98999
"SP",2014-09-24,1998.300049
"SP",2014-09-23,1982.77002
"SP",2014-09-22,1994.290039
"SP",2014-09-19,2010.400024
"SP",2014-09-18,2011.359985
"SP",2014-09-17,2001.569946
"SP",2014-09-16,1998.97998
"SP",2014-09-15,1984.130005
"SP",2014-09-12,1985.540039
"SP",2014-09-11,1997.449951
"SP",2014-09-10,1995.689941
"SP",2014-09-09,1988.439941
"SP",2014-09-08,2001.540039
"SP",2014-09-05,2007.709961
"SP",2014-09-04,1997.650024
"SP",2014-09-03,2000.719971
"SP",2014-09-02,2002.280029
"SP",2014-08-29,2003.369995
"SP",2014-08-28,1996.73999
"SP",2014-08-27,2000.119995
"SP",2014-08-26,2000.02002
"SP",2014-08-25,1997.920044
"SP",2014-08-22,1988.400024
"SP",2014-08-21,1992.369995
"SP",2014-08-20,1986.51001
"SP",2014-08-19,1981.599976
"SP",2014-08-18,1971.73999
"SP",2014-08-15,1955.060059
"SP",2014-08-14,1955.180054
"SP",2014-08-13,1946.719971
"SP",2014-08-12,1933.75
"SP",2014-08-11,1936.920044
"SP",2014-08-08,1931.589966
"SP",2014-08-07,1909.569946
"SP",2014-08-06,1920.23999
"SP",2014-08-05,1920.209961
"SP",2014-08-04,1938.98999
"SP",2014-08-01,1925.150024
"SP",2014-07-31,1930.670044
"SP",2014-07-30,1970.069946
"SP",2014-07-29,1969.949951
"SP",2014-07-28,1978.910034
"SP",2014-07-25,1978.339966
"SP",2014-07-24,1987.97998
"SP",2014-07-23,1987.01001
"SP",2014-07-22,1983.530029
"SP",2014-07-21,1973.630005
"SP",2014-07-18,1978.219971
"SP",2014-07-17,1958.119995
"SP",2014-07-16,1981.569946
"SP",2014-07-15,1973.280029
"SP",2014-07-14,1977.099976
"SP",2014-07-11,1967.569946
"SP",2014-07-10,1964.680054
"SP",2014-07-09,1972.829956
"SP",2014-07-08,1963.709961
"SP",2014-07-07,1977.650024
"SP",2014-07-03,1985.439941
"SP",2014-07-02,1974.619995
"SP",2014-07-01,1973.319946
"SP",2014-06-30,1960.22998
"SP",2014-06-27,1960.959961
"SP",2014-06-26,1957.219971
"SP",2014-06-25,1959.530029
"SP",2014-06-24,1949.97998
"SP",2014-06-23,1962.609985
"SP",2014-06-20,1962.869995
"SP",2014-06-19,1959.47998
"SP",2014-06-18,1956.97998
"SP",2014-06-17,1941.98999
"SP",2014-06-16,1937.780029
"SP",2014-06-13,1936.160034
"SP",2014-06-12,1930.109985
"SP",2014-06-11,1943.890015
"SP",2014-06-10,1950.790039
"SP",2014-06-09,1951.27002
"SP",2014-06-06,1949.439941
"SP",2014-06-05,1940.459961
"SP",2014-06-04,1927.880005
"SP",2014-06-03,1924.23999
"SP",2014-06-02,1924.969971
"SP",2014-05-30,1923.569946
"SP",2014-05-29,1920.030029
"SP",2014-05-28,1909.780029
"SP",2014-05-27,1911.910034
"SP",2014-05-23,1900.530029
"SP",2014-05-22,1892.48999
"SP",2014-05-21,1888.030029
"SP",2014-05-20,1872.829956
"SP",2014-05-19,1885.079956
"SP",2014-05-16,1877.859985
"SP",2014-05-15,1870.849976
"SP",2014-05-14,1888.530029
"SP",2014-05-13,1897.449951
"SP",2014-05-12,1896.650024
"SP",2014-05-09,1878.47998
"SP",2014-05-08,1875.630005
"SP",2014-05-07,1878.209961
"SP",2014-05-06,1867.719971
"SP",2014-05-05,1884.660034
"SP",2014-05-02,1881.140015
"SP",2014-05-01,1883.680054
"SP",2014-04-30,1883.949951
"SP",2014-04-29,1878.329956
"SP",2014-04-28,1869.430054
"SP",2014-04-25,1863.400024
"SP",2014-04-24,1878.609985
"SP",2014-04-23,1875.390015
"SP",2014-04-22,1879.550049
"SP",2014-04-21,1871.890015
"SP",2014-04-17,1864.849976
"SP",2014-04-16,1862.310059
"SP",2014-04-15,1842.97998
"SP",2014-04-14,1830.609985
"SP",2014-04-11,1815.689941
"SP",2014-04-10,1833.079956
"SP",2014-04-09,1872.180054
"SP",2014-04-08,1851.959961
"SP",2014-04-07,1845.040039
"SP",2014-04-04,1865.089966
"SP",2014-04-03,1888.77002
"SP",2014-04-02,1890.900024
"SP",2014-04-01,1885.52002
"SP",2014-03-31,1872.339966
"SP",2014-03-28,1857.619995
"SP",2014-03-27,1849.040039
"SP",2014-03-26,1852.560059
"SP",2014-03-25,1865.619995
"SP",2014-03-24,1857.439941
"SP",2014-03-21,1866.52002
"SP",2014-03-20,1872.01001
"SP",2014-03-19,1860.77002
"SP",2014-03-18,1872.25
"SP",2014-03-17,1858.829956
"SP",2014-03-14,1841.130005
"SP",2014-03-13,1846.339966
"SP",2014-03-12,1868.199951
"SP",2014-03-11,1867.630005
"SP",2014-03-10,1877.170044
"SP",2014-03-07,1878.040039
"SP",2014-03-06,1877.030029
"SP",2014-03-05,1873.810059
"SP",2014-03-04,1873.910034
"SP",2014-03-03,1845.72998
"SP",2014-02-28,1859.449951
"SP",2014-02-27,1854.290039
"SP",2014-02-26,1845.160034
"SP",2014-02-25,1845.119995
"SP",2014-02-24,1847.609985
"SP",2014-02-21,1836.25
"SP",2014-02-20,1839.780029
"SP",2014-02-19,1828.75
"SP",2014-02-18,1840.76001
"SP",2014-02-14,1838.630005
"SP",2014-02-13,1829.829956
"SP",2014-02-12,1819.26001
"SP",2014-02-11,1819.75
"SP",2014-02-10,1799.839966
"SP",2014-02-07,1797.02002
"SP",2014-02-06,1773.430054
"SP",2014-02-05,1751.640015
"SP",2014-02-04,1755.199951
"SP",2014-02-03,1741.890015
"SP",2014-01-31,1782.589966
"SP",2014-01-30,1794.189941
"SP",2014-01-29,1774.199951
"SP",2014-01-28,1792.5
"SP",2014-01-27,1781.560059
"SP",2014-01-24,1790.290039
"SP",2014-01-23,1828.459961
"SP",2014-01-22,1844.859985
"SP",2014-01-21,1843.800049
"SP",2014-01-17,1838.699951
"SP",2014-01-16,1845.890015
"SP",2014-01-15,1848.380005
"SP",2014-01-14,1838.880005
"SP",2014-01-13,1819.199951
"SP",2014-01-10,1842.369995
"SP",2014-01-09,1838.130005
"SP",2014-01-08,1837.48999
"SP",2014-01-07,1837.880005
"SP",2014-01-06,1826.77002
"SP",2014-01-03,1831.369995
"SP",2014-01-02,1831.97998
"SP",2013-12-31,1848.359985
"SP",2013-12-30,1841.069946
"SP",2013-12-27,1841.400024
"SP",2013-12-26,1842.02002
"SP",2013-12-24,1833.319946
"SP",2013-12-23,1827.98999
"SP",2013-12-20,1818.319946
"SP",2013-12-19,1809.599976
"SP",2013-12-18,1810.650024
"SP",2013-12-17,1781
"SP",2013-12-16,1786.540039
"SP",2013-12-13,1775.319946
"SP",2013-12-12,1775.5
"SP",2013-12-11,1782.219971
"SP",2013-12-10,1802.619995
"SP",2013-12-09,1808.369995
"SP",2013-12-06,1805.089966
"SP",2013-12-05,1785.030029
"SP",2013-12-04,1792.810059
"SP",2013-12-03,1795.150024
"SP",2013-12-02,1800.900024
"SP",2013-11-29,1805.810059
"SP",2013-11-27,1807.22998
"SP",2013-11-26,1802.75
"SP",2013-11-25,1802.47998
"SP",2013-11-22,1804.76001
"SP",2013-11-21,1795.849976
"SP",2013-11-20,1781.369995
"SP",2013-11-19,1787.869995
"SP",2013-11-18,1791.530029
"SP",2013-11-15,1798.180054
"SP",2013-11-14,1790.619995
"SP",2013-11-13,1782
"SP",2013-11-12,1767.689941
"SP",2013-11-11,1771.890015
"SP",2013-11-08,1770.609985
"SP",2013-11-07,1747.150024
"SP",2013-11-06,1770.48999
"SP",2013-11-05,1762.969971
"SP",2013-11-04,1767.930054
"SP",2013-11-01,1761.640015
"SP",2013-10-31,1756.540039
"SP",2013-10-30,1763.310059
"SP",2013-10-29,1771.949951
"SP",2013-10-28,1762.109985
"SP",2013-10-25,1759.77002
"SP",2013-10-24,1752.069946
"SP",2013-10-23,1746.380005
"SP",2013-10-22,1754.670044
"SP",2013-10-21,1744.660034
"SP",2013-10-18,1744.5
"SP",2013-10-17,1733.150024
"SP",2013-10-16,1721.540039
"SP",2013-10-15,1698.060059
"SP",2013-10-14,1710.140015
"SP",2013-10-11,1703.199951
"SP",2013-10-10,1692.560059
"SP",2013-10-09,1656.400024
"SP",2013-10-08,1655.449951
"SP",2013-10-07,1676.119995
"SP",2013-10-04,1690.5
"SP",2013-10-03,1678.660034
"SP",2013-10-02,1693.869995
"SP",2013-10-01,1695
"SP",2013-09-30,1681.550049
"SP",2013-09-27,1691.75
"SP",2013-09-26,1698.670044
"SP",2013-09-25,1692.77002
"SP",2013-09-24,1697.420044
"SP",2013-09-23,1701.839966
"SP",2013-09-20,1709.910034
"SP",2013-09-19,1722.339966
"SP",2013-09-18,1725.52002
"SP",2013-09-17,1704.76001
"SP",2013-09-16,1697.599976
"SP",2013-09-13,1687.98999
"SP",2013-09-12,1683.420044
"SP",2013-09-11,1689.130005
"SP",2013-09-10,1683.98999
"SP",2013-09-09,1671.709961
"SP",2013-09-06,1655.170044
"SP",2013-09-05,1655.079956
"SP",2013-09-04,1653.079956
"SP",2013-09-03,1639.77002
"SP",2013-08-30,1632.969971
"SP",2013-08-29,1638.170044
"SP",2013-08-28,1634.959961
"SP",2013-08-27,1630.47998
"SP",2013-08-26,1656.780029
"SP",2013-08-23,1663.5
"SP",2013-08-22,1656.959961
"SP",2013-08-21,1642.800049
"SP",2013-08-20,1652.349976
"SP",2013-08-19,1646.060059
"SP",2013-08-16,1655.829956
"SP",2013-08-15,1661.319946
"SP",2013-08-14,1685.390015
"SP",2013-08-13,1694.160034
"SP",2013-08-12,1689.469971
"SP",2013-08-09,1691.420044
"SP",2013-08-08,1697.47998
"SP",2013-08-07,1690.910034
"SP",2013-08-06,1697.369995
"SP",2013-08-05,1707.140015
"SP",2013-08-02,1709.670044
"SP",2013-08-01,1706.869995
"SP",2013-07-31,1685.72998
"SP",2013-07-30,1685.959961
"SP",2013-07-29,1685.329956
"SP",2013-07-26,1691.650024
"SP",2013-07-25,1690.25
"SP",2013-07-24,1685.939941
"SP",2013-07-23,1692.390015
"SP",2013-07-22,1695.530029
"SP",2013-07-19,1692.089966
"SP",2013-07-18,1689.369995
"SP",2013-07-17,1680.910034
"SP",2013-07-16,1676.26001
"SP",2013-07-15,1682.5
"SP",2013-07-12,1680.189941
"SP",2013-07-11,1675.02002
"SP",2013-07-10,1652.619995
"SP",2013-07-09,1652.319946
"SP",2013-07-08,1640.459961
"SP",2013-07-05,1631.890015
"SP",2013-07-03,1615.410034
"SP",2013-07-02,1614.079956
"SP",2013-07-01,1614.959961
"SP",2013-06-28,1606.280029
"SP",2013-06-27,1613.199951
"SP",2013-06-26,1603.26001
"SP",2013-06-25,1588.030029
"SP",2013-06-24,1573.089966
"SP",2013-06-21,1592.430054
"SP",2013-06-20,1588.189941
"SP",2013-06-19,1628.930054
"SP",2013-06-18,1651.810059
"SP",2013-06-17,1639.040039
"SP",2013-06-14,1626.72998
"SP",2013-06-13,1636.359985
"SP",2013-06-12,1612.52002
"SP",2013-06-11,1626.130005
"SP",2013-06-10,1642.810059
"SP",2013-06-07,1643.380005
"SP",2013-06-06,1622.560059
"SP",2013-06-05,1608.900024
"SP",2013-06-04,1631.380005
"SP",2013-06-03,1640.420044
"SP",2013-05-31,1630.73999
"SP",2013-05-30,1654.410034
"SP",2013-05-29,1648.359985
"SP",2013-05-28,1660.060059
"SP",2013-05-24,1649.599976
"SP",2013-05-23,1650.51001
"SP",2013-05-22,1655.349976
"SP",2013-05-21,1669.160034
"SP",2013-05-20,1666.290039
"SP",2013-05-17,1667.469971
"SP",2013-05-16,1650.469971
"SP",2013-05-15,1658.780029
"SP",2013-05-14,1650.339966
"SP",2013-05-13,1633.77002
"SP",2013-05-10,1633.699951
"SP",2013-05-09,1626.670044
"SP",2013-05-08,1632.689941
"SP",2013-05-07,1625.959961
"SP",2013-05-06,1617.5
"SP",2013-05-03,1614.420044
"SP",2013-05-02,1597.589966
"SP",2013-05-01,1582.699951
"SP",2013-04-30,1597.569946
"SP",2013-04-29,1593.609985
"SP",2013-04-26,1582.23999
"SP",2013-04-25,1585.160034
"SP",2013-04-24,1578.790039
"SP",2013-04-23,1578.780029
"SP",2013-04-22,1562.5
"SP",2013-04-19,1555.25
"SP",2013-04-18,1541.609985
"SP",2013-04-17,1552.01001
"SP",2013-04-16,1574.569946
"SP",2013-04-15,1552.359985
"SP",2013-04-12,1588.849976
"SP",2013-04-11,1593.369995
"SP",2013-04-10,1587.72998
"SP",2013-04-09,1568.609985
"SP",2013-04-08,1563.069946
"SP",2013-04-05,1553.280029
"SP",2013-04-04,1559.97998
"SP",2013-04-03,1553.689941
"SP",2013-04-02,1570.25
"SP",2013-04-01,1562.170044
"SP",2013-03-28,1569.189941
"SP",2013-03-27,1562.849976
"SP",2013-03-26,1563.77002
"SP",2013-03-25,1551.689941
"SP",2013-03-22,1556.890015
"SP",2013-03-21,1545.800049
"SP",2013-03-20,1558.709961
"SP",2013-03-19,1548.339966
"SP",2013-03-18,1552.099976
"SP",2013-03-15,1560.699951
"SP",2013-03-14,1563.22998
"SP",2013-03-13,1554.52002
"SP",2013-03-12,1552.47998
"SP",2013-03-11,1556.219971
"SP",2013-03-08,1551.180054
"SP",2013-03-07,1544.26001
"SP",2013-03-06,1541.459961
"SP",2013-03-05,1539.790039
"SP",2013-03-04,1525.199951
"SP",2013-03-01,1518.199951
"SP",2013-02-28,1514.680054
"SP",2013-02-27,1515.98999
"SP",2013-02-26,1496.939941
"SP",2013-02-25,1487.849976
"SP",2013-02-22,1515.599976
"SP",2013-02-21,1502.420044
"SP",2013-02-20,1511.949951
"SP",2013-02-19,1530.939941
"SP",2013-02-15,1519.790039
"SP",2013-02-14,1521.380005
"SP",2013-02-13,1520.329956
"SP",2013-02-12,1519.430054
"SP",2013-02-11,1517.01001
"SP",2013-02-08,1517.930054
"SP",2013-02-07,1509.390015
"SP",2013-02-06,1512.119995
"SP",2013-02-05,1511.290039
"SP",2013-02-04,1495.709961
"SP",2013-02-01,1513.170044
"SP",2013-01-31,1498.109985
"SP",2013-01-30,1501.959961
"SP",2013-01-29,1507.839966
"SP",2013-01-28,1500.180054
"SP",2013-01-25,1502.959961
"SP",2013-01-24,1494.819946
"SP",2013-01-23,1494.810059
"SP",2013-01-22,1492.560059
"SP",2013-01-18,1485.97998
"SP",2013-01-17,1480.939941
"SP",2013-01-16,1472.630005
"SP",2013-01-15,1472.339966
"SP",2013-01-14,1470.680054
"SP",2013-01-11,1472.050049
"SP",2013-01-10,1472.119995
"SP",2013-01-09,1461.02002
"SP",2013-01-08,1457.150024
"SP",2013-01-07,1461.890015
"SP",2013-01-04,1466.469971
"SP",2013-01-03,1459.369995
"SP",2013-01-02,1462.420044
"DJIA",2015-12-24,17552.17
"DJIA",2015-12-23,17602.61
"DJIA",2015-12-22,17417.27
"DJIA",2015-12-21,17251.62
"DJIA",2015-12-18,17128.55
"DJIA",2015-12-17,17495.84
"DJIA",2015-12-16,17749.09
"DJIA",2015-12-15,17524.91
"DJIA",2015-12-14,17368.5
"DJIA",2015-12-11,17265.21
"DJIA",2015-12-10,17574.75
"DJIA",2015-12-09,17492.3
"DJIA",2015-12-08,17568
"DJIA",2015-12-07,17730.51
"DJIA",2015-12-04,17847.63
"DJIA",2015-12-03,17477.67
"DJIA",2015-12-02,17729.68
"DJIA",2015-12-01,17888.35
"DJIA",2015-11-30,17719.92
"DJIA",2015-11-27,17798.49
"DJIA",2015-11-25,17813.39
"DJIA",2015-11-24,17812.19
"DJIA",2015-11-23,17792.68
"DJIA",2015-11-20,17823.81
"DJIA",2015-11-19,17732.75
"DJIA",2015-11-18,17737.16
"DJIA",2015-11-17,17489.5
"DJIA",2015-11-16,17483.01
"DJIA",2015-11-13,17245.24
"DJIA",2015-11-12,17448.07
"DJIA",2015-11-11,17702.22
"DJIA",2015-11-10,17758.21
"DJIA",2015-11-09,17730.48
"DJIA",2015-11-06,17910.33
"DJIA",2015-11-05,17863.43
"DJIA",2015-11-04,17867.58
"DJIA",2015-11-03,17918.15
"DJIA",2015-11-02,17828.76
"DJIA",2015-10-30,17663.54
"DJIA",2015-10-29,17755.8
"DJIA",2015-10-28,17779.52
"DJIA",2015-10-27,17581.43
"DJIA",2015-10-26,17623.05
"DJIA",2015-10-23,17646.7
"DJIA",2015-10-22,17489.16
"DJIA",2015-10-21,17168.61
"DJIA",2015-10-20,17217.11
"DJIA",2015-10-19,17230.54
"DJIA",2015-10-16,17215.97
"DJIA",2015-10-15,17141.75
"DJIA",2015-10-14,16924.75
"DJIA",2015-10-13,17081.89
"DJIA",2015-10-12,17131.86
"DJIA",2015-10-09,17084.49
"DJIA",2015-10-08,17050.75
"DJIA",2015-10-07,16912.29
"DJIA",2015-10-06,16790.19
"DJIA",2015-10-05,16776.43
"DJIA",2015-10-02,16472.37
"DJIA",2015-10-01,16272.01
"DJIA",2015-09-30,16284.7
"DJIA",2015-09-29,16049.13
"DJIA",2015-09-28,16001.89
"DJIA",2015-09-25,16314.67
"DJIA",2015-09-24,16201.32
"DJIA",2015-09-23,16279.89
"DJIA",2015-09-22,16330.47
"DJIA",2015-09-21,16510.19
"DJIA",2015-09-18,16384.58
"DJIA",2015-09-17,16674.74
"DJIA",2015-09-16,16739.95
"DJIA",2015-09-15,16599.85
"DJIA",2015-09-14,16370.96
"DJIA",2015-09-11,16433.09
"DJIA",2015-09-10,16330.4
"DJIA",2015-09-09,16253.57
"DJIA",2015-09-08,16492.68
"DJIA",2015-09-04,16102.38
"DJIA",2015-09-03,16374.76
"DJIA",2015-09-02,16351.38
"DJIA",2015-09-01,16058.35
"DJIA",2015-08-31,16528.03
"DJIA",2015-08-28,16643.01
"DJIA",2015-08-27,16654.77
"DJIA",2015-08-26,16285.51
"DJIA",2015-08-25,15666.44
"DJIA",2015-08-24,15871.35
"DJIA",2015-08-21,16459.75
"DJIA",2015-08-20,16990.69
"DJIA",2015-08-19,17348.73
"DJIA",2015-08-18,17511.34
"DJIA",2015-08-17,17545.18
"DJIA",2015-08-14,17477.4
"DJIA",2015-08-13,17408.25
"DJIA",2015-08-12,17402.51
"DJIA",2015-08-11,17402.84
"DJIA",2015-08-10,17615.17
"DJIA",2015-08-07,17373.38
"DJIA",2015-08-06,17419.75
"DJIA",2015-08-05,17540.47
"DJIA",2015-08-04,17550.69
"DJIA",2015-08-03,17598.2
"DJIA",2015-07-31,17689.86
"DJIA",2015-07-30,17745.98
"DJIA",2015-07-29,17751.39
"DJIA",2015-07-28,17630.27
"DJIA",2015-07-27,17440.59
"DJIA",2015-07-24,17568.53
"DJIA",2015-07-23,17731.92
"DJIA",2015-07-22,17851.04
"DJIA",2015-07-21,17919.29
"DJIA",2015-07-20,18100.41
"DJIA",2015-07-17,18086.45
"DJIA",2015-07-16,18120.25
"DJIA",2015-07-15,18050.17
"DJIA",2015-07-14,18053.58
"DJIA",2015-07-13,17977.68
"DJIA",2015-07-10,17760.41
"DJIA",2015-07-09,17548.62
"DJIA",2015-07-08,17515.42
"DJIA",2015-07-07,17776.91
"DJIA",2015-07-06,17683.58
"DJIA",2015-07-02,17730.11
"DJIA",2015-07-01,17757.91
"DJIA",2015-06-30,17619.51
"DJIA",2015-06-29,17596.35
"DJIA",2015-06-26,17946.68
"DJIA",2015-06-25,17890.36
"DJIA",2015-06-24,17966.07
"DJIA",2015-06-23,18144.07
"DJIA",2015-06-22,18119.78
"DJIA",2015-06-19,18015.95
"DJIA",2015-06-18,18115.84
"DJIA",2015-06-17,17935.74
"DJIA",2015-06-16,17904.48
"DJIA",2015-06-15,17791.17
"DJIA",2015-06-12,17898.84
"DJIA",2015-06-11,18039.37
"DJIA",2015-06-10,18000.4
"DJIA",2015-06-09,17764.04
"DJIA",2015-06-08,17766.55
"DJIA",2015-06-05,17849.46
"DJIA",2015-06-04,17905.58
"DJIA",2015-06-03,18076.27
"DJIA",2015-06-02,18011.94
"DJIA",2015-06-01,18040.37
"DJIA",2015-05-29,18010.68
"DJIA",2015-05-28,18126.12
"DJIA",2015-05-27,18162.99
"DJIA",2015-05-26,18041.54
"DJIA",2015-05-22,18232.02
"DJIA",2015-05-21,18285.74
"DJIA",2015-05-20,18285.4
"DJIA",2015-05-19,18312.39
"DJIA",2015-05-18,18298.88
"DJIA",2015-05-15,18272.56
"DJIA",2015-05-14,18252.24
"DJIA",2015-05-13,18060.49
"DJIA",2015-05-12,18068.23
"DJIA",2015-05-11,18105.17
"DJIA",2015-05-08,18191.11
"DJIA",2015-05-07,17924.06
"DJIA",2015-05-06,17841.98
"DJIA",2015-05-05,17928.2
"DJIA",2015-05-04,18070.4
"DJIA",2015-05-01,18024.06
"DJIA",2015-04-30,17840.52
"DJIA",2015-04-29,18035.53
"DJIA",2015-04-28,18110.14
"DJIA",2015-04-27,18037.97
"DJIA",2015-04-24,18080.14
"DJIA",2015-04-23,18058.69
"DJIA",2015-04-22,18038.27
"DJIA",2015-04-21,17949.59
"DJIA",2015-04-20,18034.93
"DJIA",2015-04-17,17826.3
"DJIA",2015-04-16,18105.77
"DJIA",2015-04-15,18112.61
"DJIA",2015-04-14,18036.7
"DJIA",2015-04-13,17977.04
"DJIA",2015-04-10,18057.65
"DJIA",2015-04-09,17958.73
"DJIA",2015-04-08,17902.51
"DJIA",2015-04-07,17875.42
"DJIA",2015-04-06,17880.85
"DJIA",2015-04-02,17763.24
"DJIA",2015-04-01,17698.18
"DJIA",2015-03-31,17776.12
"DJIA",2015-03-30,17976.31
"DJIA",2015-03-27,17712.66
"DJIA",2015-03-26,17678.23
"DJIA",2015-03-25,17718.54
"DJIA",2015-03-24,18011.14
"DJIA",2015-03-23,18116.04
"DJIA",2015-03-20,18127.65
"DJIA",2015-03-19,17959.03
"DJIA",2015-03-18,18076.19
"DJIA",2015-03-17,17849.08
"DJIA",2015-03-16,17977.42
"DJIA",2015-03-13,17749.31
"DJIA",2015-03-12,17895.22
"DJIA",2015-03-11,17635.39
"DJIA",2015-03-10,17662.94
"DJIA",2015-03-09,17995.72
"DJIA",2015-03-06,17856.78
"DJIA",2015-03-05,18135.72
"DJIA",2015-03-04,18096.9
"DJIA",2015-03-03,18203.37
"DJIA",2015-03-02,18288.63
"DJIA",2015-02-27,18132.7
"DJIA",2015-02-26,18214.42
"DJIA",2015-02-25,18224.57
"DJIA",2015-02-24,18209.19
"DJIA",2015-02-23,18116.84
"DJIA",2015-02-20,18140.44
"DJIA",2015-02-19,17985.77
"DJIA",2015-02-18,18029.85
"DJIA",2015-02-17,18047.58
"DJIA",2015-02-13,18019.35
"DJIA",2015-02-12,17972.38
"DJIA",2015-02-11,17862.14
"DJIA",2015-02-10,17868.76
"DJIA",2015-02-09,17729.21
"DJIA",2015-02-06,17824.29
"DJIA",2015-02-05,17884.88
"DJIA",2015-02-04,17673.02
"DJIA",2015-02-03,17666.4
"DJIA",2015-02-02,17361.04
"DJIA",2015-01-30,17164.95
"DJIA",2015-01-29,17416.85
"DJIA",2015-01-28,17191.37
"DJIA",2015-01-27,17387.21
"DJIA",2015-01-26,17678.7
"DJIA",2015-01-23,17672.6
"DJIA",2015-01-22,17813.98
"DJIA",2015-01-21,17554.28
"DJIA",2015-01-20,17515.23
"DJIA",2015-01-16,17511.57
"DJIA",2015-01-15,17320.71
"DJIA",2015-01-14,17427.09
"DJIA",2015-01-13,17613.68
"DJIA",2015-01-12,17640.84
"DJIA",2015-01-09,17737.37
"DJIA",2015-01-08,17907.87
"DJIA",2015-01-07,17584.52
"DJIA",2015-01-06,17371.64
"DJIA",2015-01-05,17501.65
"DJIA",2015-01-02,17832.99
"DJIA",2014-12-31,17823.07
"DJIA",2014-12-30,17983.07
"DJIA",2014-12-29,18038.23
"DJIA",2014-12-26,18053.71
"DJIA",2014-12-24,18030.21
"DJIA",2014-12-23,18024.17
"DJIA",2014-12-22,17959.44
"DJIA",2014-12-19,17804.8
"DJIA",2014-12-18,17778.15
"DJIA",2014-12-17,17356.87
"DJIA",2014-12-16,17068.87
"DJIA",2014-12-15,17180.84
"DJIA",2014-12-12,17280.83
"DJIA",2014-12-11,17596.34
"DJIA",2014-12-10,17533.15
"DJIA",2014-12-09,17801.2
"DJIA",2014-12-08,17852.48
"DJIA",2014-12-05,17958.79
"DJIA",2014-12-04,17900.1
"DJIA",2014-12-03,17912.62
"DJIA",2014-12-02,17879.55
"DJIA",2014-12-01,17776.8
"DJIA",2014-11-28,17828.24
"DJIA",2014-11-26,17827.75
"DJIA",2014-11-25,17814.94
"DJIA",2014-11-24,17817.9
"DJIA",2014-11-21,17810.06
"DJIA",2014-11-20,17719
"DJIA",2014-11-19,17685.73
"DJIA",2014-11-18,17687.82
"DJIA",2014-11-17,17647.75
"DJIA",2014-11-14,17634.74
"DJIA",2014-11-13,17652.79
"DJIA",2014-11-12,17612.2
"DJIA",2014-11-11,17614.9
"DJIA",2014-11-10,17613.74
"DJIA",2014-11-07,17573.93
"DJIA",2014-11-06,17554.47
"DJIA",2014-11-05,17484.53
"DJIA",2014-11-04,17383.84
"DJIA",2014-11-03,17366.24
"DJIA",2014-10-31,17390.52
"DJIA",2014-10-30,17195.42
"DJIA",2014-10-29,16974.31
"DJIA",2014-10-28,17005.75
"DJIA",2014-10-27,16817.94
"DJIA",2014-10-24,16805.41
"DJIA",2014-10-23,16677.9
"DJIA",2014-10-22,16461.32
"DJIA",2014-10-21,16614.81
"DJIA",2014-10-20,16399.67
"DJIA",2014-10-17,16380.41
"DJIA",2014-10-16,16117.24
"DJIA",2014-10-15,16141.74
"DJIA",2014-10-14,16315.19
"DJIA",2014-10-13,16321.07
"DJIA",2014-10-10,16544.1
"DJIA",2014-10-09,16659.25
"DJIA",2014-10-08,16994.22
"DJIA",2014-10-07,16719.39
"DJIA",2014-10-06,16991.91
"DJIA",2014-10-03,17009.69
"DJIA",2014-10-02,16801.05
"DJIA",2014-10-01,16804.71
"DJIA",2014-09-30,17042.9
"DJIA",2014-09-29,17071.22
"DJIA",2014-09-26,17113.15
"DJIA",2014-09-25,16945.8
"DJIA",2014-09-24,17210.06
"DJIA",2014-09-23,17055.87
"DJIA",2014-09-22,17172.68
"DJIA",2014-09-19,17279.74
"DJIA",2014-09-18,17265.99
"DJIA",2014-09-17,17156.85
"DJIA",2014-09-16,17131.97
"DJIA",2014-09-15,17031.14
"DJIA",2014-09-12,16987.51
"DJIA",2014-09-11,17049
"DJIA",2014-09-10,17068.71
"DJIA",2014-09-09,17013.87
"DJIA",2014-09-08,17111.42
"DJIA",2014-09-05,17137.36
"DJIA",2014-09-04,17069.58
"DJIA",2014-09-03,17078.28
"DJIA",2014-09-02,17067.56
"DJIA",2014-08-29,17098.45
"DJIA",2014-08-28,17079.57
"DJIA",2014-08-27,17122.01
"DJIA",2014-08-26,17106.7
"DJIA",2014-08-25,17076.87
"DJIA",2014-08-22,17001.22
"DJIA",2014-08-21,17039.49
"DJIA",2014-08-20,16979.13
"DJIA",2014-08-19,16919.59
"DJIA",2014-08-18,16838.74
"DJIA",2014-08-15,16662.91
"DJIA",2014-08-14,16713.58
"DJIA",2014-08-13,16651.8
"DJIA",2014-08-12,16560.54
"DJIA",2014-08-11,16569.98
"DJIA",2014-08-08,16553.93
"DJIA",2014-08-07,16368.27
"DJIA",2014-08-06,16443.34
"DJIA",2014-08-05,16429.47
"DJIA",2014-08-04,16569.28
"DJIA",2014-08-01,16493.37
"DJIA",2014-07-31,16563.3
"DJIA",2014-07-30,16880.36
"DJIA",2014-07-29,16912.11
"DJIA",2014-07-28,16982.59
"DJIA",2014-07-25,16960.57
"DJIA",2014-07-24,17083.8
"DJIA",2014-07-23,17086.63
"DJIA",2014-07-22,17113.54
"DJIA",2014-07-21,17051.73
"DJIA",2014-07-18,17100.18
"DJIA",2014-07-17,16976.81
"DJIA",2014-07-16,17138.2
"DJIA",2014-07-15,17060.68
"DJIA",2014-07-14,17055.42
"DJIA",2014-07-11,16943.81
"DJIA",2014-07-10,16915.07
"DJIA",2014-07-09,16985.61
"DJIA",2014-07-08,16906.62
"DJIA",2014-07-07,17024.21
"DJIA",2014-07-03,17068.26
"DJIA",2014-07-02,16976.24
"DJIA",2014-07-01,16956.07
"DJIA",2014-06-30,16826.6
"DJIA",2014-06-27,16851.84
"DJIA",2014-06-26,16846.13
"DJIA",2014-06-25,16867.51
"DJIA",2014-06-24,16818.13
"DJIA",2014-06-23,16937.26
"DJIA",2014-06-20,16947.08
"DJIA",2014-06-19,16921.46
"DJIA",2014-06-18,16906.62
"DJIA",2014-06-17,16808.49
"DJIA",2014-06-16,16781.01
"DJIA",2014-06-13,16775.74
"DJIA",2014-06-12,16734.19
"DJIA",2014-06-11,16843.88
"DJIA",2014-06-10,16945.92
"DJIA",2014-06-09,16943.1
"DJIA",2014-06-06,16924.28
"DJIA",2014-06-05,16836.11
"DJIA",2014-06-04,16737.53
"DJIA",2014-06-03,16722.34
"DJIA",2014-06-02,16743.63
"DJIA",2014-05-30,16717.17
"DJIA",2014-05-29,16698.74
"DJIA",2014-05-28,16633.18
"DJIA",2014-05-27,16675.5
"DJIA",2014-05-23,16606.27
"DJIA",2014-05-22,16543.08
"DJIA",2014-05-21,16533.06
"DJIA",2014-05-20,16374.31
"DJIA",2014-05-19,16511.86
"DJIA",2014-05-16,16491.31
"DJIA",2014-05-15,16446.81
"DJIA",2014-05-14,16613.97
"DJIA",2014-05-13,16715.44
"DJIA",2014-05-12,16695.47
"DJIA",2014-05-09,16583.34
"DJIA",2014-05-08,16550.97
"DJIA",2014-05-07,16518.54
"DJIA",2014-05-06,16401.02
"DJIA",2014-05-05,16530.55
"DJIA",2014-05-02,16512.89
"DJIA",2014-05-01,16558.87
"DJIA",2014-04-30,16580.84
"DJIA",2014-04-29,16535.37
"DJIA",2014-04-28,16448.74
"DJIA",2014-04-25,16361.46
"DJIA",2014-04-24,16501.65
"DJIA",2014-04-23,16501.65
"DJIA",2014-04-22,16514.37
"DJIA",2014-04-21,16449.25
"DJIA",2014-04-17,16408.54
"DJIA",2014-04-16,16424.85
"DJIA",2014-04-15,16262.56
"DJIA",2014-04-14,16173.24
"DJIA",2014-04-11,16026.75
"DJIA",2014-04-10,16170.22
"DJIA",2014-04-09,16437.18
"DJIA",2014-04-08,16256.14
"DJIA",2014-04-07,16245.87
"DJIA",2014-04-04,16412.71
"DJIA",2014-04-03,16572.55
"DJIA",2014-04-02,16573
"DJIA",2014-04-01,16532.61
"DJIA",2014-03-31,16457.66
"DJIA",2014-03-28,16323.06
"DJIA",2014-03-27,16264.23
"DJIA",2014-03-26,16268.99
"DJIA",2014-03-25,16367.88
"DJIA",2014-03-24,16276.69
"DJIA",2014-03-21,16302.77
"DJIA",2014-03-20,16331.05
"DJIA",2014-03-19,16222.17
"DJIA",2014-03-18,16336.19
"DJIA",2014-03-17,16247.22
"DJIA",2014-03-14,16065.67
"DJIA",2014-03-13,16108.89
"DJIA",2014-03-12,16340.08
"DJIA",2014-03-11,16351.25
"DJIA",2014-03-10,16418.68
"DJIA",2014-03-07,16452.72
"DJIA",2014-03-06,16421.89
"DJIA",2014-03-05,16360.18
"DJIA",2014-03-04,16395.88
"DJIA",2014-03-03,16168.03
"DJIA",2014-02-28,16321.71
"DJIA",2014-02-27,16272.65
"DJIA",2014-02-26,16198.41
"DJIA",2014-02-25,16179.66
"DJIA",2014-02-24,16207.14
"DJIA",2014-02-21,16103.3
"DJIA",2014-02-20,16133.23
"DJIA",2014-02-19,16040.56
"DJIA",2014-02-18,16130.4
"DJIA",2014-02-14,16154.39
"DJIA",2014-02-13,16027.59
"DJIA",2014-02-12,15963.94
"DJIA",2014-02-11,15994.77
"DJIA",2014-02-10,15801.79
"DJIA",2014-02-07,15794.08
"DJIA",2014-02-06,15628.53
"DJIA",2014-02-05,15440.23
"DJIA",2014-02-04,15445.24
"DJIA",2014-02-03,15372.8
"DJIA",2014-01-31,15698.85
"DJIA",2014-01-30,15848.61
"DJIA",2014-01-29,15738.79
"DJIA",2014-01-28,15928.56
"DJIA",2014-01-27,15837.88
"DJIA",2014-01-24,15879.11
"DJIA",2014-01-23,16197.35
"DJIA",2014-01-22,16373.34
"DJIA",2014-01-21,16414.44
"DJIA",2014-01-17,16458.56
"DJIA",2014-01-16,16417.01
"DJIA",2014-01-15,16481.94
"DJIA",2014-01-14,16373.86
"DJIA",2014-01-13,16257.94
"DJIA",2014-01-10,16437.05
"DJIA",2014-01-09,16444.76
"DJIA",2014-01-08,16462.74
"DJIA",2014-01-07,16530.94
"DJIA",2014-01-06,16425.1
"DJIA",2014-01-03,16469.99
"DJIA",2014-01-02,16441.35
"DJIA",2013-12-31,16576.66
"DJIA",2013-12-30,16504.29
"DJIA",2013-12-27,16478.41
"DJIA",2013-12-26,16479.88
"DJIA",2013-12-24,16357.55
"DJIA",2013-12-23,16294.61
"DJIA",2013-12-20,16221.14
"DJIA",2013-12-19,16179.08
"DJIA",2013-12-18,16167.97
"DJIA",2013-12-17,15875.26
"DJIA",2013-12-16,15884.57
"DJIA",2013-12-13,15755.36
"DJIA",2013-12-12,15739.43
"DJIA",2013-12-11,15843.53
"DJIA",2013-12-10,15973.13
"DJIA",2013-12-09,16025.53
"DJIA",2013-12-06,16020.2
"DJIA",2013-12-05,15821.51
"DJIA",2013-12-04,15889.77
"DJIA",2013-12-03,15914.62
"DJIA",2013-12-02,16008.77
"DJIA",2013-11-29,16086.41
"DJIA",2013-11-27,16097.33
"DJIA",2013-11-26,16072.8
"DJIA",2013-11-25,16072.54
"DJIA",2013-11-22,16064.77
"DJIA",2013-11-21,16009.99
"DJIA",2013-11-20,15900.82
"DJIA",2013-11-19,15967.03
"DJIA",2013-11-18,15976.02
"DJIA",2013-11-15,15961.7
"DJIA",2013-11-14,15876.22
"DJIA",2013-11-13,15821.63
"DJIA",2013-11-12,15750.67
"DJIA",2013-11-11,15783.1
"DJIA",2013-11-08,15761.78
"DJIA",2013-11-07,15593.98
"DJIA",2013-11-06,15746.88
"DJIA",2013-11-05,15618.22
"DJIA",2013-11-04,15639.12
"DJIA",2013-11-01,15615.55
"DJIA",2013-10-31,15545.75
"DJIA",2013-10-30,15618.76
"DJIA",2013-10-29,15680.35
"DJIA",2013-10-28,15568.93
"DJIA",2013-10-25,15570.28
"DJIA",2013-10-24,15509.21
"DJIA",2013-10-23,15413.33
"DJIA",2013-10-22,15467.66
"DJIA",2013-10-21,15392.2
"DJIA",2013-10-18,15399.65
"DJIA",2013-10-17,15371.65
"DJIA",2013-10-16,15373.83
"DJIA",2013-10-15,15168.01
"DJIA",2013-10-14,15301.26
"DJIA",2013-10-11,15237.11
"DJIA",2013-10-10,15126.07
"DJIA",2013-10-09,14802.98
"DJIA",2013-10-08,14776.53
"DJIA",2013-10-07,14936.24
"DJIA",2013-10-04,15072.58
"DJIA",2013-10-03,14996.48
"DJIA",2013-10-02,15133.14
"DJIA",2013-10-01,15191.7
"DJIA",2013-09-30,15129.67
"DJIA",2013-09-27,15258.24
"DJIA",2013-09-26,15328.3
"DJIA",2013-09-25,15273.26
"DJIA",2013-09-24,15334.59
"DJIA",2013-09-23,15401.38
"DJIA",2013-09-20,15451.09
"DJIA",2013-09-19,15636.55
"DJIA",2013-09-18,15676.94
"DJIA",2013-09-17,15529.73
"DJIA",2013-09-16,15494.78
"DJIA",2013-09-13,15376.06
"DJIA",2013-09-12,15300.64
"DJIA",2013-09-11,15326.6
"DJIA",2013-09-10,15191.06
"DJIA",2013-09-09,15063.12
"DJIA",2013-09-06,14922.5
"DJIA",2013-09-05,14937.48
"DJIA",2013-09-04,14930.87
"DJIA",2013-09-03,14833.96
"DJIA",2013-08-30,14810.31
"DJIA",2013-08-29,14840.95
"DJIA",2013-08-28,14824.51
"DJIA",2013-08-27,14776.13
"DJIA",2013-08-26,14946.46
"DJIA",2013-08-23,15010.51
"DJIA",2013-08-22,14963.74
"DJIA",2013-08-21,14897.55
"DJIA",2013-08-20,15002.99
"DJIA",2013-08-19,15010.74
"DJIA",2013-08-16,15081.47
"DJIA",2013-08-15,15112.19
"DJIA",2013-08-14,15337.66
"DJIA",2013-08-13,15451.01
"DJIA",2013-08-12,15419.68
"DJIA",2013-08-09,15425.51
"DJIA",2013-08-08,15498.32
"DJIA",2013-08-07,15470.67
"DJIA",2013-08-06,15518.74
"DJIA",2013-08-05,15612.13
"DJIA",2013-08-02,15658.36
"DJIA",2013-08-01,15628.02
"DJIA",2013-07-31,15499.54
"DJIA",2013-07-30,15520.59
"DJIA",2013-07-29,15521.97
"DJIA",2013-07-26,15558.83
"DJIA",2013-07-25,15555.61
"DJIA",2013-07-24,15542.24
"DJIA",2013-07-23,15567.74
"DJIA",2013-07-22,15545.55
"DJIA",2013-07-19,15543.74
"DJIA",2013-07-18,15548.54
"DJIA",2013-07-17,15470.52
"DJIA",2013-07-16,15451.85
"DJIA",2013-07-15,15484.26
"DJIA",2013-07-12,15464.3
"DJIA",2013-07-11,15460.92
"DJIA",2013-07-10,15291.66
"DJIA",2013-07-09,15300.34
"DJIA",2013-07-08,15224.69
"DJIA",2013-07-05,15135.84
"DJIA",2013-07-03,14988.55
"DJIA",2013-07-02,14932.41
"DJIA",2013-07-01,14974.96
"DJIA",2013-06-28,14909.6
"DJIA",2013-06-27,15024.49
"DJIA",2013-06-26,14910.14
"DJIA",2013-06-25,14760.31
"DJIA",2013-06-24,14659.56
"DJIA",2013-06-21,14799.4
"DJIA",2013-06-20,14758.32
"DJIA",2013-06-19,15112.19
"DJIA",2013-06-18,15318.23
"DJIA",2013-06-17,15179.85
"DJIA",2013-06-14,15070.18
"DJIA",2013-06-13,15176.08
"DJIA",2013-06-12,14995.23
"DJIA",2013-06-11,15122.02
"DJIA",2013-06-10,15238.59
"DJIA",2013-06-07,15248.12
"DJIA",2013-06-06,15040.62
"DJIA",2013-06-05,14960.59
"DJIA",2013-06-04,15177.54
"DJIA",2013-06-03,15254.03
"DJIA",2013-05-31,15115.57
"DJIA",2013-05-30,15324.53
"DJIA",2013-05-29,15302.8
"DJIA",2013-05-28,15409.39
"DJIA",2013-05-24,15303.1
"DJIA",2013-05-23,15294.5
"DJIA",2013-05-22,15307.17
"DJIA",2013-05-21,15387.58
"DJIA",2013-05-20,15335.28
"DJIA",2013-05-17,15354.4
"DJIA",2013-05-16,15233.22
"DJIA",2013-05-15,15275.69
"DJIA",2013-05-14,15215.25
"DJIA",2013-05-13,15091.68
"DJIA",2013-05-10,15118.49
"DJIA",2013-05-09,15082.62
"DJIA",2013-05-08,15105.12
"DJIA",2013-05-07,15056.2
"DJIA",2013-05-06,14968.89
"DJIA",2013-05-03,14973.96
"DJIA",2013-05-02,14831.58
"DJIA",2013-05-01,14700.95
"DJIA",2013-04-30,14839.8
"DJIA",2013-04-29,14818.75
"DJIA",2013-04-26,14712.55
"DJIA",2013-04-25,14700.8
"DJIA",2013-04-24,14676.3
"DJIA",2013-04-23,14719.46
"DJIA",2013-04-22,14567.17
"DJIA",2013-04-19,14547.51
"DJIA",2013-04-18,14537.14
"DJIA",2013-04-17,14618.59
"DJIA",2013-04-16,14756.78
"DJIA",2013-04-15,14599.2
"DJIA",2013-04-12,14865.06
"DJIA",2013-04-11,14865.14
"DJIA",2013-04-10,14802.24
"DJIA",2013-04-09,14673.46
"DJIA",2013-04-08,14613.48
"DJIA",2013-04-05,14565.25
"DJIA",2013-04-04,14606.11
"DJIA",2013-04-03,14550.35
"DJIA",2013-04-02,14662.01
"DJIA",2013-04-01,14572.85
"DJIA",2013-03-28,14578.54
"DJIA",2013-03-27,14526.16
"DJIA",2013-03-26,14559.65
"DJIA",2013-03-25,14447.75
"DJIA",2013-03-22,14512.03
"DJIA",2013-03-21,14421.49
"DJIA",2013-03-20,14511.73
"DJIA",2013-03-19,14455.82
"DJIA",2013-03-18,14452.06
"DJIA",2013-03-15,14514.11
"DJIA",2013-03-14,14539.14
"DJIA",2013-03-13,14455.28
"DJIA",2013-03-12,14450.06
"DJIA",2013-03-11,14447.29
"DJIA",2013-03-08,14397.07
"DJIA",2013-03-07,14329.49
"DJIA",2013-03-06,14296.24
"DJIA",2013-03-05,14253.77
"DJIA",2013-03-04,14127.82
"DJIA",2013-03-01,14089.66
"DJIA",2013-02-28,14054.49
"DJIA",2013-02-27,14075.37
"DJIA",2013-02-26,13900.13
"DJIA",2013-02-25,13784.17
"DJIA",2013-02-22,14000.57
"DJIA",2013-02-21,13880.62
"DJIA",2013-02-20,13927.54
"DJIA",2013-02-19,14035.67
"DJIA",2013-02-15,13981.76
"DJIA",2013-02-14,13973.39
"DJIA",2013-02-13,13982.91
"DJIA",2013-02-12,14018.7
"DJIA",2013-02-11,13971.24
"DJIA",2013-02-08,13992.97
"DJIA",2013-02-07,13944.05
"DJIA",2013-02-06,13986.52
"DJIA",2013-02-05,13979.3
"DJIA",2013-02-04,13880.08
"DJIA",2013-02-01,14009.79
"DJIA",2013-01-31,13860.58
"DJIA",2013-01-30,13910.42
"DJIA",2013-01-29,13954.42
"DJIA",2013-01-28,13881.93
"DJIA",2013-01-25,13895.98
"DJIA",2013-01-24,13825.33
"DJIA",2013-01-23,13779.33
"DJIA",2013-01-22,13712.21
"DJIA",2013-01-18,13649.7
"DJIA",2013-01-17,13596.02
"DJIA",2013-01-16,13511.23
"DJIA",2013-01-15,13534.89
"DJIA",2013-01-14,13507.32
"DJIA",2013-01-11,13488.43
"DJIA",2013-01-10,13471.22
"DJIA",2013-01-09,13390.51
"DJIA",2013-01-08,13328.85
"DJIA",2013-01-07,13384.29
"DJIA",2013-01-04,13435.21
"DJIA",2013-01-03,13391.36
"DJIA",2013-01-02,13412.55
